{"cameraMode":{"drawMode":0,"name":"Shaded","section":"Shading Mode"},"sceneLighting":true,"audioPlay":false,"sceneViewState":{"showFog":true,"showMaterialUpdate":false,"showSkybox":true,"showFlares":true,"showImageEffects":true,"showParticleSystems":true},"in2DMode":false,"pivot":{"x":-0.5863283276557922,"y":-8.35326862335205,"z":11.176749229431153},"rotation":{"x":0.3573365807533264,"y":-0.05292076990008354,"z":0.020287763327360154,"w":0.9323428869247437},"size":17.534072875976564,"orthographic":false}