{"cameraMode":{"drawMode":0,"name":"Shaded","section":"Shading Mode"},"sceneLighting":true,"audioPlay":false,"sceneViewState":{"showFog":true,"showMaterialUpdate":false,"showSkybox":true,"showFlares":true,"showImageEffects":true,"showParticleSystems":true},"in2DMode":false,"pivot":{"x":8.268167495727539,"y":-1.5173908472061158,"z":-5.902217864990234},"rotation":{"x":0.14339523017406465,"y":0.6820399165153503,"z":-0.13893964886665345,"w":0.703649640083313},"size":14.789012908935547,"orthographic":false}