{"cameraMode":{"drawMode":0,"name":"Shaded","section":"Shading Mode"},"sceneLighting":true,"audioPlay":false,"sceneViewState":{"showFog":true,"showMaterialUpdate":false,"showSkybox":true,"showFlares":true,"showImageEffects":true,"showParticleSystems":true},"in2DMode":false,"pivot":{"x":7.046264171600342,"y":18.685274124145509,"z":-20.905691146850587},"rotation":{"x":-0.026950372382998468,"y":0.9563848376274109,"z":-0.27553093433380129,"w":-0.0935453325510025},"size":8.63398551940918,"orthographic":false}