{"cameraMode":{"drawMode":0,"name":"Shaded","section":"Shading Mode"},"sceneLighting":true,"audioPlay":false,"sceneViewState":{"showFog":true,"showMaterialUpdate":false,"showSkybox":true,"showFlares":true,"showImageEffects":true,"showParticleSystems":true},"in2DMode":false,"pivot":{"x":3.644094944000244,"y":-4.584970474243164,"z":-22.784318923950197},"rotation":{"x":-0.008533833548426628,"y":-0.9912022948265076,"z":0.10596148669719696,"w":-0.07955480366945267},"size":22.0,"orthographic":false}