{"cameraMode":{"drawMode":0,"name":"Shaded","section":"Shading Mode"},"sceneLighting":true,"audioPlay":false,"sceneViewState":{"showFog":true,"showMaterialUpdate":false,"showSkybox":true,"showFlares":true,"showImageEffects":true,"showParticleSystems":true},"in2DMode":false,"pivot":{"x":-2.530643939971924,"y":3.268728733062744,"z":1.2650887966156006},"rotation":{"x":-0.15346276760101319,"y":-0.3292568325996399,"z":0.054292336106300357,"w":-0.9301751255989075},"size":4.92763090133667,"orthographic":false}